Volume,Text No.,Text Title,Match with T Text? (1=yes 0=no 2 = ref),Quote in LS,Ch. in T Text,Quote in T Text,P. No. in T Text,UID
5,4,btags grol rgyud drug gi ti ka,1,klong gsal las:_sna tshogs rig pa'i rtsal yin phyir:_rig pa stong pa nyid du grol:_dbang dang rgyal po ji bzhin no:_zhes pa'o,3,sna tshogs rig pa'i rtsal yin phyir/_/rig pa stong pa nyid du grol/_/dbang ldan rgyal po ji bzhin no/_,6,23546
5,4,btags grol rgyud drug gi ti ka,1,klong gsal las:_ngo bo nyid la rgyun par gnas,3,/ngo bo nyid la rgyud mar gnas/_,6,74107
5,4,btags grol rgyud drug gi ti ka,1,klong gsal las:_mthong thos bcangs pas sangs rgyas 'grub,48,mthong thos bcangs pas sangs rgyas 'grub/_/,153,44154
5,4,btags grol rgyud drug gi ti ka,1,klong gsal las:_snod dang mi ldan gdams pa spel:_rdo rje'i dmyal bar lhung bar 'gyur,3,snod dang mi ldan gdams pa spel/_/rdo rje'i dmyal bar ltung bar 'gyur/,7,14164
5,4,btags grol rgyud drug gi ti ka,1,,50,snod dang mi ldan gdams pa spel/_/rdo rje'i dmyal bar ltung bar 'gyur,155,79123
5,4,btags grol rgyud drug gi ti ka,1,de yang klong gsal las: nyag gcig 'khor 'das kun gyi gzhi:_rang byung ye shes rang las byung :_de shes ye shes tsam du brjod:_ces so:,4,nyag gcig 'khor 'das kun gyi gzhi/_/rang byung ye shes rang las byung /_/de shes ye shes rtsal du brjod/_/y,7,79787
5,4,btags grol rgyud drug gi ti ka,1,,51,yag gcig 'khor 'das _rgyu kun gyi gzhi/_/rang byung ye shes rang las byung /_/de shes ye shes rtsal yin te/_/,156,32894
5,4,btags grol rgyud drug gi ti ka,1,klong gsal las:_chos rnams ma lus thams cad kun:_rtsa ba thig le gcig las gyes:_zhes so:,53,chos rnams ma lus thams cad kyang /_/rtsa ba thig le gcig la gyes/_,161,26659
5,4,btags grol rgyud drug gi ti ka,1,klong gsal las:_theg pa'i chos rnams ngo bor rdzogs:_ngo bo chos rnams kun gyi don:_de med tshig sogs don med 'gyur:_zhes so:,4,thig le'i chos rnams ngo bor rdzogs/_/ngo lta _bo chos rnams kun gyi don/_/de med tshig sogs don med 'gyur/_/,8,28421
5,4,btags grol rgyud drug gi ti ka,1,klong gsal las:_ma 'gags ye shes chen po nyid: rang gsal phyogs Ris 'dzin ba bral:_zhes so:,4,ma 'gag ye shes chen po nyid/_/rang gsal phyogs ris 'dzin pa grol/_/de las ma yengs rol par spyod/_/kun 'char spyod kyang mi chags so//,8,45478
5,4,btags grol rgyud drug gi ti ka,1,:_klong gsal las: stong gsal yid gnyis sgom dang bral:_sgom pa kun gyi mchog yin no:_zhes so:,4,stong gsal yid gnyis b+haiM dang bral/_/b+haiM pa kun gyi mchog yin no/_/,8,26617
5,4,btags grol rgyud drug gi ti ka,1,rgyud las:_rang rig rtogs pa dbang gi mchog:_zhu dang bskur ba'i thabs las 'das:_zhes so:,4,rang rig rtogs pas dbang don mchog_/zhu dang bskur ba'i mtha' las 'das/_/,8,85868
5,4,btags grol rgyud drug gi ti ka,1,klong gsal las:_snying po'i rgyud 'dir su phrad pa:_rdzogs sangs rgya bar the tshom med:_ces so:,60,snying po'i rgyud 'dir su 'phrad pa/_/rdzogs sangs rgyas par the tshom med/_,173,37708
5,4,sras gcig sa bon rgyud kyi ti ka gsal byed nor bu’i phreng ba,1,klong gsal las:_de lta bu'i ye shes de ngo rang thog tu sprad pas:_gang shar sbrul mdud bzhin du grol:_ces so:_,5,de lta bu'i ye shes te/_/ngo bo rang thog don 'phrod pas/_/gang shar sprul mdud [13] bzhin du grol/_/,12-13,14065
5,4,sras gcig sa bon rgyud kyi ti ka gsal byed nor bu’i phreng ba,1,klong gsal las:_kun 'byung srid rtsa rtogs pas grol:_ces so:,5,_/kun 'byung srid rtsa rtogs pas grol/,13,50007
5,4,sras gcig sa bon rgyud kyi ti ka gsal byed nor bu’i phreng ba,1,klong gsal las:_rig pa rtogs tshe 'dzin pa grol:_ces so:,5,rig pa rtogs tshe 'dzin pa grol/,13,31399
5,4,’bras bu yongs rdzogs rgyud kyi ti ka gsal byed dri med snying po,1,klong gsal las:_snying nang yab yum zhi ba'i tshul:dung khang khro bo'i tshul du gnas:_zhes so:_,18,snying nang yab yum zhi ba'i tshul/_/dung khang khro bo'i tshul du gnas/_,67,92655
5,7,btags grol don khrid,1,klong gsal las:_gdams pa sbyor dngos rjes gsum mo:_zhes so:,61,gdams pa sbyor dngos rjes 'jug gsum//,175,31972
5,7,btags grol don khrid,1,klong gsal las:_spyi bo mgrin pa snying kha dang :_lte ba gsang ba rkang mthil duH:_a pre tri su nr-i du drug:_gnas so zhes pas ,8,spyi bo mgrin pa snying kha dang /_/lte ba gsang ba rkang mthil du/_/a tri nr-i su pre du drug,23,94310
5,7,btags grol don khrid,1,klong gsal las:_nyan thos zhi ba'i lta stangs kyis:_lus ngag yid gsum rnal du pheb:_ces so:,63,nyan thos zhi ba'i lta stangs kyis/_/lus ngag yid gsum rnal du phab/_/,179,65342
5,7,btags grol don khrid,1,klong gsal las:_tsak+Shu zim bus sUr+yaRa blta:[ · ]shar gyi rgyu skar bzhin du gsal:_zhes pas:,8,tsak+Shus zim bus suR+yar lta/_/shar gyi rgya skar bzhin du gsal/_/,23,50222
5,7,btags grol don khrid,1,:_klong gsal las:_rkyen bral gsum la gsal bar 'gyur:_zhes pas:,101,rkyen bral gsum la 'char bar 'gyur/,257,63124
5,7,btags grol don khrid,1,klong gsal las:_rang rig lug rgyud 'di bzhin gsal:_zhes pa dang :,8,rang rig lug rgyud 'di bzhin gsal/_/r,25,75306
5,7,btags grol don khrid,1,klong gsal las:_gsal stong 'gag med lu gu rgyud:_gsal bde snang rig stong pa nyid:_dbyeRa med gsal ba ma 'dres gnas:_zhes paH:,63,gsal bde snang rig stong pa nyid/_/dbyer med gsal ba ma 'dres gnas/,179,72387
5,7,btags grol don khrid,1,klong gsal las:_rig gnad lug rgyud btson du bzung :_dngos snang dal ba nyid kyi brten:_zhes pa'o:,8,rig gnad lugs rgyud btson du bzung /_/mngon sum brdal ba nyid kyi rten/,25,21659
5,7,btags grol don khrid,1,klong gsal las:_blo ni kun rdzob 'khrul par shar:_zhes so:,8,blos bcas kun rdzob 'khrul bar bshad/,25,56138
5,7,btags grol don khrid,1,,63,blo ni kun rdzob 'khrul par bshad/_/,179,70516
5,8,bde gshegs rigs lnga'i phyi sgrub,1,klong gsal las:_lus kyis khyab tshad thams cad la:[ ·]phung po lnga ni rigs lnga dngos:_khams lnga yum lnga nyid du gnas:_zhes pas:,11,lus kyi khyab tshad thams cad la//_phung po lnga ni rigs lnga dngos/_/khams lnga yum lnga nyid du gnas/_/,36,14893
5,9,smin byed don gsal sgron me zhes bya ba spros bcas bum pa'i dbang bzhugs pa lags so:,1,klong gsal nyi ma'i rgyud dag las:_spros bcas bum pa phyi yi dbang :_sbros med nang gi gsang dbang dang : shin du spros med shes rab ye shes dbang :_yongs su spros med tshig dbang rin po che:_snod ldan bu la bskuRa phyiRa rim par bstan:_shes rab blo ldan snying rje can dang 'phrad par shog:_,101,spros bcas phyi'i bum dbang dang /_/spros med nang gi gsang dbang dang /_/shin tu spros med shes rab ye shes dbang /_/rab tu spros med tshig gi dbang /_/snod ldan bu la rim [255] bzhin bstan/_/mngon sum gnad du dbab pa'i phyir/_/spros med khyad par dbang lnga bskur/_/,,62100
5,9,smin byed don gsal sgron me zhes bya ba spros bcas bum pa'i dbang bzhugs pa lags so:,1,klong gsal las:_mtshan nyid mi ldan bla mas ni:_dbang bskur byas na gnyis ka phung :_zhes pa dang :,62,mtshan nyid mi ldan bla mas ni/_/dbang bskur byas kyang gnyis ka phung /_/,,68796
5,9,smin byed don gsal sgron me zhes bya ba spros bcas bum pa'i dbang bzhugs pa lags so:,1,,51,mtshan nyid mi ldan bla ma yis/_/dbang bskur byas kyang gnyis ka phung /_/,,62506
5,9,smin byed don gsal sgron me zhes bya ba spros bcas bum pa'i dbang bzhugs pa lags so:,1,mtshan nyid ldan pa'i bla mas ni:_dbang bskur bas ni sdug bsngal grol:_ces pa dang :,48,mtshan nyid ldan pa'i bla ma ni/_/dbang bskur bas na sdug bsngal grol/_/,,97638
5,9,smin byed don gsal sgron me zhes bya ba spros bcas bum pa'i dbang bzhugs pa lags so:,1,klong gsal las:_snod dang mi ldan slob ma ni:_shes chung kha gsag gdong ltas che:_kha mkhas lag dam g.yo sgyu che:_bla ma'i gsung gcog drin la rtsod:_yon tan mi mthong skyon la rtog:_rigs rgyud ngang rgyud ngan pa dang :_bka' drin khyad gsod rang gis rang la bstod:_sdom dang dam tshig nyams len 'chal:_slob ma ma brtags slob dpon dgra:_nyams su mi len gang zag la:_rdzogs pa chen po'i dbang dang ni:_don dang gdams pa bstan mi bya:_zhes pas:,50,snod dang mi ldan slob ma ni/_/rigs ngan blo chung ngang rgyud thung /_/kha zol shes chung gdung ltas che/_/kha mkhas lag dam g.yo zog che//bla ma'i gsung gcog drin lan rtsod/_/yon tan mi mthong skyon la rtogs/_/rigs rgyud ngang rgyud ngan pa dang /_bka' drin khyad bsad rang la bstod/_/dam tshig nyams len phyal bar btang /_/de lta bu'i gang zag la/_/rdzogs pa chen po'i don mi bstan/_/,,46403
5,9,smin byed don gsal sgron me zhes bya ba spros bcas bum pa'i dbang bzhugs pa lags so:,0,klong gsal las:_skyabs 'gro thun mong nas brtsams te:_dbang bzhi rdzogs par bskur bar bya:_zhes so:,,,,84684
5,9,smin byed don gsal sgron me zhes bya ba spros bcas bum pa'i dbang bzhugs pa lags so:,0,:_klong gsal las: dga' ston baRa chad sel ba dang :_yon tan dngos grub 'grub par 'gyur: zhes gsungs so:_,,,,73264
5,9,smin byed don gsal sgron me zhes bya ba spros bcas bum pa'i dbang bzhugs pa lags so:,0,klong gsal las:_dga' ston tshogs 'khor med pa na:_bar chad rkyen ni sna tshogs 'byung :_dbang gi rgyal sa zhig pa dang :_dngos grub mi thob yi dwags skye:_zhes so:,,,,17939
5,9,smin byed don gsal sgron me zhes bya ba spros bcas bum pa'i dbang bzhugs pa lags so:,0,klong gsal las:_rgyud kyi sdig pa sbyong pa'i phyir:_sngon 'gro yig brgya'i bzlas brjod bya:_zhes pas,,,,65309
5,9,smin byed don gsal sgron me zhes bya ba spros bcas bum pa'i dbang bzhugs pa lags so:,0,klong gsal las:_bar chad mi zhugs bsrung bya'i phyir:_hUM gi sbyor bas srung mtshams bya:_zhes pas:,,,,60438
5,9,smin byed don gsal sgron me zhes bya ba spros bcas bum pa'i dbang bzhugs pa lags so:,0,de nas klong gsal las:_dam tshig khas len byung na sbyin: zhes pas:,,,,17958
5,9,smin byed don gsal sgron me zhes bya ba spros bcas bum pa'i dbang bzhugs pa lags so:,0,de yang stegs bu'i rgyu'am tshad ni klong gsal las:_bkra shis rdzas dang sa bzang la:_rat+na sa bzang legs par brtsigs:_rab ni ji ltar grub pa la:_tha ma mda' gang 'dom gang tshad:_ces so:,,,,75587
5,9,smin byed don gsal sgron me zhes bya ba spros bcas bum pa'i dbang bzhugs pa lags so:,0,klong gsal las:_rdo rje slob dpon bya ba'i las:_bum pa lha dang sbyin sreg dang :_slob ma sta gon nye bar bya:_zhes pas:,,,,30810
5,9,smin byed don gsal sgron me zhes bya ba spros bcas bum pa'i dbang bzhugs pa lags so:,0,klong gsal las:_thig skud ye shes lnga sgril bas:_dkyil 'khor steng gi nam mkha' la:_tshangs thig cha chen dag kyang gdab:_skad cig dkyil 'khor lha tshogs bskyed:_mchod pa dang ni bstod pa bya: de nas dkyil 'khor thig gdab pa:_dkyil 'khor spyi dang mthun par gdab: dkyil 'khor bkod pa shes par gyis:_zhes ,,,,28502
5,9,smin byed don gsal sgron me zhes bya ba spros bcas bum pa'i dbang bzhugs pa lags so:,0,klong gsal las:_tshon re sgo yi nyi shu cha:_dpangs ni mda' tsam bri bar bya:_zhes so:,,,,45085
5,9,smin byed don gsal sgron me zhes bya ba spros bcas bum pa'i dbang bzhugs pa lags so:,0,klong gsal las:_maN+Dal yon dbul gsol ba gdab:_me tog gang la phog pa yi:_rigs sbyor rig pa'i dbang lnga bskur:_zhes pas:,,,,73617
5,9,smin byed don gsal sgron me zhes bya ba spros bcas bum pa'i dbang bzhugs pa lags so:,0,klong gsal las:_sku gsung thugs dang yon tan dang :_phrin las dag gi dbang bskur bya:_zhes pas:,,,,14677
5,9,smin byed don gsal sgron me zhes bya ba spros bcas bum pa'i dbang bzhugs pa lags so:,0,klong gsal las:_de ltar brda yis ngo sprad kyang :_logs na yod pa ma yin te:_rang gi lus sems 'di la tshang :_zhes pas:,,,,89482
5,9,smin byed don gsal sgron me zhes bya ba spros bcas bum pa'i dbang bzhugs pa lags so:,0,klong gsal las:_dam tshig shin tu mang bshad kyang :_mdor bsdus sku gsung thugs nyid bsrung :_zhes pas:,,,,83998
5,9,smin byed don gsal sgron me zhes bya ba spros bcas bum pa'i dbang bzhugs pa lags so:,1,klong gsal las:_dbang bskur thog ma tha ma ru:_dga' ston ma byas dngos grub med:_ces pa dang :,61,dbang bskur thog ma tha ma ru/_/dga' ston ma byas dngos grub med/,,85314
5,9,smin byed don gsal sgron me zhes bya ba spros bcas bum pa'i dbang bzhugs pa lags so:,1,klong gsal las:_bla ma yi dam mkha' 'gro dang :_chos skyong rdo rje spun la sogs:_tshogs mchod yon gyis ma mnyes na: nad mang tshe thung bar chad 'byung :_thun mong dngos grub med pa dang :_mchog las ring du song ba dang :_tshe 'phos yi dwags skye ba brgyud:_ces so:,61,bla ma yi dam mkha' 'gro dang /_/chos skyong rdo rje'i spyan sogs la/_/tshogs mchod yon gyi ma mnyes na/_/nad mang tshe thung bar gcod 'byung /_/thun mong dngos grub med pa dang /_/mchog la ring du song ba la/_/tshe 'phos yi dwags skye bar 'gyur/_/,,79514
5,9,smin byed don gsal sgron me zhes bya ba spros bcas bum pa'i dbang bzhugs pa lags so:,1,klong gsal las:_bla ma dang ni dbang chog gi: gsung dang gzhung las 'gal ba na:_na raka sdug bsngal myong bar 'gyur:_zhes so:,52,bla ma dang ni dbang mchog gis/_/gsung dang gzhung las 'gal ba na/_/na raka sdug bsngal myong bar 'gyur/_/,,50271
5,9,smin byed don gsal sgron me zhes bya ba spros bcas bum pa'i dbang bzhugs pa lags so:,0,klong gsal las:_bka' dang ma 'gal yon tan ni:_chos sku kun tu bzang po 'grub:_'phrin las bzhi la thogs pa med:_ces so:,,,,70118
5,9,smin byed don gsal sgron me zhes bya ba spros bcas bum pa'i dbang bzhugs pa lags so:,1,klong gsal las:_dper na zhing sa gshin po yod gyur kyang :_so nam rim par ma byas na:_'bras bu smin par mi 'gyur ltar:_sems la chos nyid gnas gyur kyang :_dbang gis smin par ma byas na:_rnal 'byor dngos grub ga la thob:_ces so:,11,mngon sum rang thog dbab cing bskur/_/zhing sa gshin po yod gyur kyang /_/so nam rim pa ma byas ltar/_/'bras bu smin bar mi 'gyur ltar/_/sems la chos nyid gnas gyur kyang /_/dbang gis smin par ma byas na/_/rnal 'byor dngos grub ga la thob/,,55061
5,9,smin byed don gsal sgron me zhes bya ba spros bcas bum pa'i dbang bzhugs pa lags so:,2,mkha' 'gro snying thig gi phyi dbang slob bu thun mong du smin par byed pa don gsal sgron me zhes bya ba klong gsal nas btus pa rdzogs so:_sa ma ya:_rgya rgya rgya:,,,,77407
5,10,dbang khrid nor bu sgron gsal bzhugs pa lags so:,0,klong gsal nyi ma'i rgyud dag las:_skal ldan smin byed dbang bskur ba: spros bcas dang ni spros med dang :_shin tu yongs su spros med kyi:_skal ba ldan pa smin par bya:_zhes pas:,,,,98928
5,10,dbang khrid nor bu sgron gsal bzhugs pa lags so:,0,klong gsal nyi ma'i rgyud dag las:_yid sgrib dag dang nus ldan phyir: dkyil 'khor de yi nub phyogs su:_dus ni gung gi dus dag tu:_gsum pa'i phyag rgya mtshan ldan ma:_khrus byas rgyan gyis spras la bzhag:_ces pas:,,,,52766
5,10.1,tshig dbang rin po che bzhugs pa tre bzhugs pa lags so:,0,de yang klong gsal rgyud dag las:_lus ngag yid gsum 'dzin sgrib dag gsum pa'i nus pa tshad phyin phyir:_dkyil 'khor maN+Dal byang phyogs su:_tho rangs nyi ma rtse shar dus:_las dang ldan pa'i bu la bskur:_zhes pas:,,,,20628
5,10.2,gsang dbang lus dkyil ngo sprod bzhugs so:gsang dbang las:,1,klong gsal nyi ma'i rgyud las:_'byung ba'i dngas las grub pa yi:_lus 'di bde gshegs pho brang nyid:_rigs lnga yab yum lnga yi gnas:_phung khams skye mched lha yi sku:_zhes pas:,17,byung ba'i dngas ma las grub pas/_/lus 'di bder gshegs pho brang yin/_/rigs lnga yab yum lnga yin pas/_/phung khams skye mched lha'i sku/,,57273
5,10.2,gsang dbang lus dkyil ngo sprod bzhugs so:gsang dbang las:,1,de yang klong gsal las:_'byung bzhi'i dkyil 'khor sangs rgyas zhing :_'khor lo lnga ni rigs lnga'i gnas:_phung khams thams cad lha tshogs nyid:_sems ni ye shes chen po nyid:_ces so:,13,byung bzhi'i dkyil 'khor sangs rgyas zhing /_/'khor lo lnga po rigs lnga gnas/_/phung po khams ni lha tshogs nyid/_/sems ni ye shes chen po nyid/_/rig pa spros bral a la la//,,54994
5,10.3,shes rab yum gyi mkha' ngo sprod bzhugs so:,1,klong gsal le'u brgyad pa las:_dus gsum sangs rgyas thams cad kyang :_b+ha ga dbyings las rang byung ste:_chos rnams kun gyi 'byung gnas yin:_ces pa dang :,33,dus gsum sangs rgyas thams cad kyang /_/b+ha ga'i klong nas rang byung ste/_/chos rnams kun gyi 'byung gnas nyid/_/b+ha ga gsang sngags kun gyi gnas/_/bde chen ye shes 'byung ba nyid,,30440
5,10.3,shes rab yum gyi mkha' ngo sprod bzhugs so:,1,klong gsal las:_bud med brnyas shing mkha' la gshe:_bde dang bral na na raka spyod:_ces so:,11,bud med brnyas shing mkha' la gshe/_/bde dang bral na na raka spyod/,,52350
5,12,bde gshegs rigs lnga'i mchod 'bum bzhugs so:,1,klong gsal rgyud dag las:_sangs rgyas rigs lnga kun 'dus gtso:_rang rig bla ma kun tu bzang :_phyi nang gsang ba'i mchod 'bum ni:_de yi bsod nams brjod mi lang :_mchod 'bum 'di la spyi don bcu:,14,sangs rgyas rigs lnga kun 'dus gtso/_/rang rig bla ma kun bzang la/_/phyi nang gsang ba'i mchod 'bul na/_/de'i bsod nams brjod mi lang /_/de phyir mchod la ngo sprod long /_/,,88336
5,12.1,rigs lnga'i gtor ma'i lag len bzhugs so:,1,de yag klong gsal rgyud dag las: tshogs med gang yang 'grub mi 'gyur:_ces pas:,11,tshogs med yang dag 'grub mi 'gyur/,,64386
5,18,rtsal dbang ti ka rig pa'i sgron ma bzhugs so:,1,klong gsal las:_rab 'byams rig pa'i dbang med na:_'dus byas dbang gis smin mi srid:_ces so:_rang rgyud ma smin gzhan mi grol:_ces pa ni:,5,dus byas dbang gi smin mi srid/_/rang rgyud ma smin gzhan mi grol/_/,13,23668
5,19,thod rgal khyad par dbang lnga bzhugs pa lags so:,1,klong gsal nyi ma'i rgyud dag las:_spros bcas dbang rnams rdzogs byas nas:_khyad par rig pa'i dbang lnga bskur:_de nas mngon sum Rang thog dbab:_lhun grub rig pa'i rtsal dbang bskur:_zhes pas:,11,spros bcas dbang rnams rdzogs byas nas/_/khyad par rig pa'i dbang lnga bskur|_|de nas mngon sum rang thog dbab/_/lhun grub rig pa'i rtsal dbang bskur/_/,,50242
5,24,mkha' 'gro snying thig gsang dbang gi lhan thabs bzhugs so:,1,klong gsal nyi ma'i rgyud dag nas:_skal ldan smin byed dbang bskur ba:_spros bcas dang ni spros med dang :_shin tu yongs su spros med kyis:_skal pa ldan pa smin par bya:_zhes pas bum dbang bskur thabs logs na yod:,8,skal bar ldan pa smin par bya/_/spros bcas spros med [23] rab spros med/_/shin tu rig pa'i rtsal dbang bskur/_/dbang med dngos grub thob mi 'gyur/_/,,53830
5,24,mkha' 'gro snying thig gsang dbang gi lhan thabs bzhugs so:,1,klong gsal nyi ma'i rgyud las:_'byung ba'i dngas las grub pa yi:_lus 'di bde gshegs pho brang nyid:_rigs lnga yab yum lnga yi gnas:_phung khams skye mched lha yi sku:_zhes pas:,13,byung ba'i dngas ma las grub pa'i/_/lus 'di bder gshegs pho brang nyid/_/rigs lnga yab yum lnga'i gnas/_/phung khams skye mched lha'i sku/_/,,51315
5,24,mkha' 'gro snying thig gsang dbang gi lhan thabs bzhugs so:,1,de yang klong gsal lasaH:_'byung bzhi'i dkyil 'khor sangs rgyas zhing :_'khor lo lnga ni rigs lnga'i gnas:_phung khams thams cad lha tshogs nyid:_sems ni ye shes chen po nyid:_lus kyi dkyil 'khor chen po ste:_bu*ga*skra ni sgo*dang*me:_zhes so:,13,byung bzhi'i dkyil 'khor sangs rgyas zhing /_/'khor lo lnga po rigs lnga gnas/_/phung po khams ni lha tshogs nyid/_/sems ni ye shes chen po nyid/_/rig pa spros bral a la la//,,56066
5,27,thod rgal gyi don khrid nor bu'i snying po bzhugs soH,1,klong gsal las:_dad ldan snying rje gtong phod che:_rgyud dul sdig 'dzem dbang po rno:_gsang thub nyams len 'gyur ba med:_skyo shas sdug sran snying rus che:_de ni gsang ba'i snod yin pas:_bdud rtsi thigs pa snying gi yang zhun 'di:_bu yi bu mchog de la bstan par bya:_zhes so:,49,dad ldan snying rje gtong phod che/_/dam tshig sgrub la shin tu mos/_/sdig 'dzem shes rab dbang po rno/_/gsang thub brtul zhugs spyod pa nus/_/skyo shas zhen log snying rus che/_/tshe 'di'i lo ma rgyab tu bskyur/_/bla mas ci gsung dang du len/_/lto gos phyir na lhag skyob brten/_/grong yul bor nas dben gnas 'grim/_/dkor zas dag la mig rdul mtshungs/_/skyo nges thang lhod ngos dga' med//rkyen ngan gang la'ang bzod pa thub/_/de lta bu'i slob ma de/_/gsang sngags 'di'i snod mchog yin/_/gser dngul rin chen snod nang du/_/bdud rtsi dag ni blug pa 'dra/_/bcud [154] 'phel yon tan gong du 'phel/_/,,93588
5,27,thod rgal gyi don khrid nor bu'i snying po bzhugs soH,1,klong gsal las:_gangs khrod lung stong ri rtse duRa khrod dmaH_shin tu dben dang dngas shing mtho ba'i gnas:skal ldan skyes bu nyams len byed pa'i gnas:_zhes so:_dus bstan pa ni: yang de nyid las:_dbyar ma ston dang dgun chung dpyid kyi dus:_zer gnyis dus ni mchog tu bshad pa yin:_ces so:_,9,gangs khrod lung stong ri rtse dur khrod dam/_/shin tu dben pa dngas shing mtho' ba'i sar/_/skal ldan skyes bus nyams len bya ba'i gnas/_/dus chen nges pa'i gdams pa bstan pa ni/_dbyar ma [30] ston dang dgun chung dpyid kyi dus/_/zer gnyis dus ni mchog tu bshad pa yin/_/,,75969
5,27,thod rgal gyi don khrid nor bu'i snying po bzhugs soH,1,klong gsal las:_me tog dbang yon tshogs 'khor gtor tshogs rgyu:_nyams len dus su khams kyi rten po btsal:_mthun pa'i yo byad kun dang mthun par bya:_zhes so:,9,me tog dbang yon tshogs 'khor gtor tshogs rgyu/_/nyams len dus gsum khams kyis brtan so brtsal/_/mthun pa'i yo byad kun dang ldan par bya/_/,,35758
5,28,snying po gsal ba'i me long zhes bya ba'i khrid bzhugs so:,1,klong gsal las:_ston pa thugs rje chen po yis:_'dul byed theg pa mang gsungs kyang :_yang gsang rdzogs pa chen por 'dus:_zhes so:,18,ston pa thugs rje chen po yis/_/gdul byed theg pa mang gsung yang /_/yang gsang rdzogs [61] pa chen por 'dus/_/,,70137
5,28,snying po gsal ba'i me long zhes bya ba'i khrid bzhugs so:,1,klong gsal las:_ngo bo ka dag ye shes ni:_ma rig rtog pa kun dang bral: rang bzhin lhun grub ye shes ni:_stong gsal rang mdangs nyid du gnas thugs rje kun khyab ye shes ni:_'gags med snang stong nyid du gnas:_zhes pa dang :_,18,ngo bo ka dag ye shes te/_/ma rig rtog pa kun dang bral/_/rang bzhin lhun grub ye shes ni|_|stong gsal rang mdangs nyid du gnas/_/thugs rje kun khyab ye shes ni/_/'gag med stong pa nyid du gnas/_/,,28754
5,28,snying po gsal ba'i me long zhes bya ba'i khrid bzhugs so:,1,klong gsal las:_dang por ma rig drug las 'byung :_zhes pas:,18,dang po ma rig drug las byung /_/,,70508
5,28,snying po gsal ba'i me long zhes bya ba'i khrid bzhugs so:,1,klong gsal las:_thog ma'i rig rtsal ye shes lnga:_ma rig 'khrul pas 'byung bar grub:_des na lus 'di sangs rgyas dngos:_ye shes chen po'i 'byung gnas nyid:_lus can kun la bzang ngan med:_bde gshegs ngo bo 'gro kun la:_til la maRa bzhin khyab par gnas:_ma rig grol tshe 'byung ba'i lus:_lhag med ye shes ngang du ldog:_ces pas:,18,thog ma'i rig rtsal ye shes lnga/_/ma rig 'khrul pa 'byung bar 'gyur/_/de ltar lus ni sangs rgyas dngos/_/ye shes chen po'i 'byung gnas nyid/_/lus can kun la bzang ngan med/_/bder gshegs ngo bo 'gro kun la/til la mar gyi khyab bzhin gnas/_/ma rig grol tshe 'byung ba'i dus/_/lhag med ye shes ngang du bzlog_/,,33967
5,28,snying po gsal ba'i me long zhes bya ba'i khrid bzhugs so:,1,klong gsal las:_sems can kun rig dri ma med:_phung po 'byung ba yab yum lnga: rtsa khams skye mched sems dpa'i tshogs:_srid gsum dkyil 'khor rang lus rdzogs:_zhes pa dang :,18,sems can kun rig dri ma med/_/phung po 'byung ba yab yum lnga/_/rtsa khams skye mched lha'i tshogs/_/srid gsum dkyil 'khor rang lus rdzogs/,,95518
5,28,snying po gsal ba'i me long zhes bya ba'i khrid bzhugs so:,1,klong gsal las:_mngal zhugs byang chub rnam lnga ste:_zla ba bcu ni sa bcu'i tshul:_skyes pa rang bzhin sprul pa'i sku:_lhun grub sku gsum bdag nyid do:_zhes so,18,mngal zhugs byang chub rnam lnga ste/_/zla_rgyu ba dgu ni sa bcu'i tshul/_/skyes pa rang bzhin sprul pa'i sku/_/lhun grub sku gsum bdag nyid do/_/rgyas par zla shel dra ba'i 'od/_/,,60093
5,28,snying po gsal ba'i me long zhes bya ba'i khrid bzhugs so:,1,klong gsal las:_rang byung rig pa'i rang rtsal las:_sku lnga dang ni ye shes lnga:_rigs lnga 'od lnga rlung lnga ni:_shes rab lnga la sogs par gnas:_zhes pas:_,18,rang byung rig pa'i rang rtsal las/_/sku lnga dang ni ye shes lnga/_/rigs lnga 'od lnga rlung ni lnga/_/shes rab lnga la sogs par gnas/_/,,56828
5,28,snying po gsal ba'i me long zhes bya ba'i khrid bzhugs so:,1,klong gsal las:_rig pa'i yon tan 'od lngar gsal :_ces so:,18,rig pa'i yon tan 'od lngar gsal/,,91169
5,28,snying po gsal ba'i me long zhes bya ba'i khrid bzhugs so:,1,klong gsal las:_rig pa'i rtsal las ye shes gsum:_ngo bo stong pa'i ye shes dang :_rang bzhin gsal ba'i ye shes dang :_thugs rje kun khyab ye shes so:_zhes so:_,18,rig pa'i rtsal la ye shes gsum/_/ngo bo stong pa'i ye shes dang /_/rang bzhin gsal ba'i ye shes dang /_/thugs rje kun khyab ye shes gsum/_/,,43863
5,28,snying po gsal ba'i me long zhes bya ba'i khrid bzhugs so:,1,klong gsal las dmigs su med pa chos sku'i 'od:_ma 'gags gsal ba longs sku'i 'od: snang ba sna tshogs sprul sku'i 'od:_ces so,18,dmigs su med pa chos sku'i 'od// [67] ma 'gags gsal ba longs sku'i 'od/_/,,35662
5,28,snying po gsal ba'i me long zhes bya ba'i khrid bzhugs so:,1,klong gsal las:_sems ni dran bsam rig pa'i rtsal:_snang shes dag tu gyur tshad kun:_rig pa nyid las logs pa med:_ces so:,18,sems ni dran sems rig pa'i rtsal/_/snang shes dag tu 'gyur tshad kun/_/rig pa nyid ni log na med/,,17325
5,28,snying po gsal ba'i me long zhes bya ba'i khrid bzhugs so:,1,klong gsal las:_snying dang rtsa dang dung khang dang : mig dang bzhi yi gzhal yas na:_ye shes chen po de na gnas:_zhes pa dang ,18,snying dang rtsa dang dung khang dang /_/mig dang bzhi'i gzhal yas khang na/_/ye shes chen po de na gnas/_/,,40213
5,28,snying po gsal ba'i me long zhes bya ba'i khrid bzhugs so:,1,klong gsal las:_sems can kun kyi lus kyi nang :_tsit+ta dung khang rtsa nang sgo:_de ni rig pa'i gnas yin no:_zhes pas:,18,sems can kun gyi lus kyi nang /_/tsit+ta rtsa nang dung khang sgo/_/de ni rig pa'i gnas yin no/,,16381
5,28,snying po gsal ba'i me long zhes bya ba'i khrid bzhugs so:,1,klong gsal las: rin chen lus kyi gnas de na:_ngo bo stong gsal sku ru gnas:_rang bzhin gsal stong ti la 'od:_thugs rje snang stong sgron mar gnas:_zhes pas,18,rin chen lus kyi gnas de na/_/ngo bo stong gsal sku ru gnas/_/rang bzhin gsal stong de la 'od/_/thugs rje sna tshogs sgron mar gnas|_|,,94177
5,28,snying po gsal ba'i me long zhes bya ba'i khrid bzhugs so:,1,klong gsal las:_rang rig ngo bo skur gnas te:_gsal la rang bzhin ma grub pa:_snying nang yab yum zhi ba'i tshul:_dung khang khro bo'i tshul du gnas/_zhes pa dang :,18,rang rig ngo bo skur gnas te/_/gsal la rang bzhin lhun grub pas/_/snying nang yab yum zhi ba'i tshul/_/dung khang khro bo'i tshul du gnas/,,18163
5,28,snying po gsal ba'i me long zhes bya ba'i khrid bzhugs so:,1,klong gsal las:_lus la gnas pa'i rig pa yang :_phyi ltar zhi khro'i rang bzhin la: nang ltar DAk+ki yab yum mo:_zhes so:,18,lus la gnas pa'i rim pa _ma yang |_|phyi ltar zhi khro'i rang bzhin las/_/nang ltar d+hA ki yab yum mo/_/,,57241
5,28,snying po gsal ba'i me long zhes bya ba'i khrid bzhugs so:,1,klong gsal las:_rig pa sku yi rang mdangs ni:_rtsa yi nang na thig le dang :_'od zer lta bur gnas pa'o:_zhes so:,18,rig pa sku'i rang mdangs las/_/rtsa'i nang na thig le dang /_'od zer lta bur gnas pa'o/,,37148
5,28,snying po gsal ba'i me long zhes bya ba'i khrid bzhugs so:,1,klong gsal las:_rigs pa sku yi rang mdangs 'od:_rtsa yi nang na nyi zer bzhin:_dbang po'i sgo nas nges thon te: thugs rje'i sgron ma nam mkha'i mthongs su gsal:_ces so:,18,rig pa sku'i rang rtsal las/_/rtsa'i nang na nyi zer _bzhin|_|dbang po'i sgo nas nges thon te/_/thugs rje nam mkha'i mthongs su gsal/_/sgron ma bzhi'i ngo bo ste/_/,,12154
5,28,snying po gsal ba'i me long zhes bya ba'i khrid bzhugs so:,1,klong gsal las:_rig pa'i sku ni bum sku 'dra: ye shes bum pa'i mar me 'dra:_thugs rje me long ngos ltar gsal:_ces so: ,18,rig pa'i sku ni bum sku 'dra/_/ye shes bum pa'i mar me 'dra/_/thugs rje me long ngos ltar gsal/,,51923
5,28,snying po gsal ba'i me long zhes bya ba'i khrid bzhugs so:,1,klong gsal las:_'khor lo lnga yi dbus dag na: ro ma rkyang ma kun d+harma:_dbang po'i sgo la zug par gnas:_zhes so:_,18,khor lo lnga'i dbus dag na/_/ro ma rkyang ma kun d+har ma/_/dbang po'i sgo la zug par gnas,,65612
5,28,snying po gsal ba'i me long zhes bya ba'i khrid bzhugs so:,1,de yang klong gsal las: rtsa yi gtso bo gsum las ni:_yal ga grangs las 'das par gyes:_thad sor dbang po'i sgo rten byed:_de yis chos kun ston par byed:_khyad par tsit+ta nas 'brel ba'i:_dar skud ba men rwa yi kha:_dbang po'i mig la zug pa ste:_de ni chos nyid kun gyi lam:_zhes so:_,18,rtsa'i gtso bo gsum la ni/_/yal ga grangs las 'das pa gyes/_/thad so dbang po'i sgo don byed/_/de'i chos kun ston byed cing /_/khyad par tsit+ta nas [69] 'brel ba'i/_/dar skud ba man rwa 'dra'i kha/_/dbang po'i sgo la zug pa ste/_/de ni chos nyid kun gyi lam/_/,,47751
5,28,snying po gsal ba'i me long zhes bya ba'i khrid bzhugs so:,1,klong gsal las:_yid dpyod tshig phyir ma lus par:_mngon sum 'char ba'i sgo ni mig:_gzhan la de ltar ma yin no:_zhes so:,18,yid dpyod tshig phyir ma lus pa/_/mngon sum 'char ba'i sgo ni mig_/gzhan la de lta ma yin no/,,20491
5,28,snying po gsal ba'i me long zhes bya ba'i khrid bzhugs so:,1,klong gsal las:_rkyen bral gsum la 'char bar 'gyur:_ces pa dang :,18,rkyen bral gsum las 'char bar 'gyur/,,41545
5,28,snying po gsal ba'i me long zhes bya ba'i khrid bzhugs so:,1,klong gsal las:_de ltar bla mas ngo sprad pas:_rgyang zhags las ni sgron mar shar:_yul snang rang mdangs nyid du gsal:_de nyid shes rab sgron ma yis:_yid dpyod theg pa'i sgro 'dogs gcod:_dngos su thig le sgron mar shar:_'khor 'das zang thal nyid du chod: rnam dag dbyings kyi sgron ma yis:_nyams kyi snang ba gong 'phel lo:_zhes pa dang*:_snying gi me long las kyang :_ye shes sgron ma stong nyid nam mkha' la:_ye shes 'od phung nam mkha'i mtha' dang mnyam:_bag chags dbugs la brten nas ye shes tshad la sbyor:_ces pa dang :,18,de ltar bla mas ngo sprod pas/_/rgyang zhag las ni sgron ma shar/_/yul snang rang mdangs nyid du gsal/_/de nyid shes rab sgron ma yin/_/yid dpyod theg pa sgro 'dog chod/_/dngos su thig le sgron ma shar/_/'khor 'das zang thal nyid du chod/_/rnam dag dbyings kyi sgron ma yin/_/nyams kyi snang ba gong 'phel lo/,,42330
5,28,snying po gsal ba'i me long zhes bya ba'i khrid bzhugs so:,1,klong gsal las:_yul du sgron ma dag la ni:_lam snang rig pa lu gu rgyud:_lam snang lhun grub rig mdangs lnga: lam snang thugs rje dbang por gsal:_ces pas ,18,yul du sgron ma dag la ni/_/lam snang rig pa lu gu rgyud/_/lam snang lhun grub rig mdangs lnga/,,66564
5,28,snying po gsal ba'i me long zhes bya ba'i khrid bzhugs so:,1,klong gsal las:_bden pa mthong ba'i gang zag gis:_dang po'i sa nas bcu drug bar:_rim pas nyams su blangs pas 'byung :_gzhan dang sgo bstun gnas skabs kyi:_yon tan 'bras bu'i thob tshul lo:_zhes so:,18,bden pa mthong ba'i gang zag gis/_/dang po'i sa nas bcu drug bar/_/rim par nyams su blang bas 'byung /_/gzhan dang sgo bstun gnas skabs su/_/yon tan 'bras bu'i thob tshul lo/,,87880
5,28,snying po gsal ba'i me long zhes bya ba'i khrid bzhugs so:,1,klong gsal las:_ngo bo stong gsal ye shes sku:_rang bzhin thugs rje phyogs ris med:_dbyer med chen por ye sangs rgyas:_zhes pa dang :,18,ngo bo stong gsal ye shes sku/_/ [72]rang bzhin thugs rje phyogs ris med/_/dbyer med chen por ye sangs rgyas/_/,,54100
5,28,snying po gsal ba'i me long zhes bya ba'i khrid bzhugs so:,2,e ma mkhas pa shrI sing ha yisaDAk+ki klong gsal nyi ma'i rgyud:_bcu bdun rgyud rnams bdag la gtad g.ya' ri gong gi brag phug tu_tshe yi rig 'dzin bsgrubs shing bsgoms:_spros med mya ngan 'da' don du:_rgyud kyi khong snying gdams par phyung :_ye shes mtsho rgyal nyid la gtad:_gzhan yang rgyal po la sogs pa:_skal ldan slob bu mang lags kyang :_'di nyid tshig tsam brjod pa med:_bi ma mi tra 'byon dgongs nas:_bco brgyad rgyud dang gdams pa bcas:_ma 'ongs skal ldan don du ni: bum thang seng ge brag la sbas:_snyigs maRa 'gro don rgya chen 'byung :_mtsho rgyal khyod la gtad pa yi:_ku su lu pa'i gdams pa'i skor:_dang lung ldang lha'i brag la sbed:,,,,86981
5,29,khrid rgyab lung gi phreng ba bzhugs so:,0,klong gsal nyi ma'i rgyud las:_gsang sngags snying po'i don 'di bstan pa la:_snod kyi dam pa mchog tu gces:_zhes pas:,,,,49013
5,29,khrid rgyab lung gi phreng ba bzhugs so:,1,klong gsal las:_dad ldan snying rje gtong phod che:_rgyud dul sdig 'dzem dbang po rno:_gsang thub nyams len brtul zhugs che:_skyo shas sdug bsran snying rus che:_de ni gsang sngags gsang ba'i snod yin pas:_bdud rtsi thigs pa snying gi yang zhun 'di:_bu yi bu mchog de la bstan par bya:_zhes so:_,49,dad ldan snying rje gtong phod che/_/dam tshig sgrub la shin tu mos/_/sdig 'dzem shes rab dbang po rno/_/gsang thub brtul zhugs spyod pa nus/_/skyo shas zhen log snying rus che/,,14411
5,29,khrid rgyab lung gi phreng ba bzhugs so:,1,klong gsal las:_gsang sngags snying po'i snod du rung :_'gro ba 'dren pa'i gru chen mchog:_ces so:,101,gsang sngags snying po'i snod du rung /_/'gro ba 'dren pa'i gru chen yin/_/,,92402
5,29,khrid rgyab lung gi phreng ba bzhugs so:,1,klong gsal las:_me tog dbang yon tshogs 'khor gtor tshogs rgyu:_nyams len dus su khams kyi rten po btsal:_mthun pa'i yo byad kun dang ldan par bya:_zhes so:,9,me tog dbang yon tshogs 'khor gtor tshogs rgyu/_/nyams len dus gsum khams kyis brtan so brtsal/_/mthun pa'i yo byad kun dang ldan par bya/,,61798
5,29,khrid rgyab lung gi phreng ba bzhugs so:,1,klong gsal lasaH:_skal ldan nges shes bskyed pa'i phyir:_brgyud pa'i lo rgyus bshad par bya:_zhes so:,101,skal ldan nges shes bskyed pa'i phyir/_/rgyud pa'i lo rgyus bshad par bya/,,83564
5,29,khrid rgyab lung gi phreng ba bzhugs so:,1,klong gsal las: spros bcas phyi yi bum dbang dang :_spros med nang gi gsang dbang dang :_shin tu spros med shes rab ye shes dbang :_rab tu spros med tshig dbang rin po che:_snod ldan bu la rim pa bzhin du bstan:_ces so:,101,spros bcas phyi'i bum dbang dang /_/spros med nang gi gsang dbang dang /_/shin tu spros med shes rab ye shes dbang /_/rab tu spros med tshig gi dbang /_/snod ldan bu la rim [255] bzhin bstan/_/,,62443
5,29,khrid rgyab lung gi phreng ba bzhugs so:,1,yang de nyid las: mngon sum gnad du dbab pa'i phyir:_kun tu sbros med khyad par dbang lnga bskur:_ces so:_,101,mngon sum gnad du dbab pa'i phyir/_/spros med khyad par dbang lnga bskur/,,22229
5,29,khrid rgyab lung gi phreng ba bzhugs so:,1,klong gsal las:_lus ngag yid gsum sngon du 'gro ba ni:_thun mong khyad par mthar thug gi:_dgos pa gsum du shes par bya:_zhes so:,101,lus ngag yid gsum mngon 'gros nas//thun mong khyad par mthar thug gis/_/dgos pa gsum du shes par bya/_/,,12898
5,29,khrid rgyab lung gi phreng ba bzhugs so:,1,klong gsal las:_nang gi 'khrul rgyu zad bya'i phyir:_'khor 'das ru shan nang ltar dbye:_zhes so:,101,nang gi 'khrul rgyu zad pa'i phyir/_/'khor 'das ru shan nang ltar 'byed/,,71830
5,29,khrid rgyab lung gi phreng ba bzhugs so:,1,klong gsal las:_ru shan nang ltar sus phye ba:_'khrul rgyu 'khor ba'i sa bon stongs:_gsum po 'khor bar ldog pa med:_ces so:,101,khor 'das ru shan nang ltar 'byed//rigs drug sa bon 'bru gsum bsregs/_/nang ltar bsregs sbyangs su byas pas/_/'khrul rgyu 'khor ba'i sa bon stong /_/sgo gsum 'khor bar ldog pa med/_/,,93444
5,29,khrid rgyab lung gi phreng ba bzhugs so:,1,klong gsal las:_lus ngag yid kyi 'byung 'khrugs pas:_de dag grol phyir rnal du dbab:_ces pa dang :,101,lus ngag yid gsum 'byung 'khrug la/_/de dag grol phyir rnal du dbab/,,13026
5,29,khrid rgyab lung gi phreng ba bzhugs so:,1,klong gsal las:_'di ltar rnal du sus phab pa:_'byung* 'khrugs nad rkyen zhi ba dang :_'dzin pa rang grol nyid du 'gyur:_ces so,101,de ltar rnal dbab [256] yon tan gyis/_/'byung 'khrug nad rkyen zhi ba dang /_/'dzin pa rang grol nyid du 'gyur/_/,,26951
5,29,khrid rgyab lung gi phreng ba bzhugs so:,1,klong gsal las:_rnal du dbab pa sor nyid gzhug:_ka dag don nyid rtog bya'i phyir:_zhes so:,101,de nas sor 'jug dag la sbyangs/_/ka dag don ni rtogs phyir dang /,,90215
5,29,khrid rgyab lung gi phreng ba bzhugs so:,1,klong gsal las:_bya ba dgu phrugs nyid du btang :_zhes pa dang :_de nyid las:_mngon sum gnad du dbab pa'i phyir: phyi nang gsang ba'i bya ba ni:lus ngag yid kyis dgu phrugasaH btang zhes so: ,101,mngon sum gnad du dbab pa'i phyir/_/phyi nang _rgyu gsang ba'i bya ba ni/_/lus ngag yid gsum dgu phrugs btang /_/,,38837
5,29,khrid rgyab lung gi phreng ba bzhugs so:,1,klong gsal las:_lus kyi bya ba gtang ba'i phyir:_chos dang lo ka'i bya ba dang :_grogs med gcig pur gnas par bya:_ngag gis 'khrul gtam chos spyod dang :_lkugs pa lta bu nyid la bslab:_'di ni lo ka 'das pa yi: 'gyu ba bcad la gnas par bya:_zhes so:_,101,lus kyi bya ba btang ba'i phyir/_/chos dang lo ka'i bya ba btang /_/grogs med gcig pur gnas par bya/_/ngag ni 'khrul gtam chos spyod spang /_/lkug pa lta bu nyid la bslab/_/yid ni lo ka 'das pa'i/_/'gyu ba bcad la gnas par bya/,,50358
5,29,khrid rgyab lung gi phreng ba bzhugs so:,1,klong gsal las:_rig pa lus la gnas gyur kyang :_'khrul 'khor dag gis ma gcun naH:_ye shes dbang poRa snang mi nus:_zhes so:,101,rig pa lus la gnas gyur kyang /_/'khrul 'khor dag gis ma gcun na/_/ye shes dbang po snang mi nus /_/,,34589
5,29,khrid rgyab lung gi phreng ba bzhugs so:,1,klong gsal las:_lus kyi gnad ni ma gzir na:_'byung zad rlung ni mi zin cing : de bzhin lus la drod mi skye:_rig pa mngon du snang mi nus:_zhes so:_,101,lus kyi gnad mchog ma zin na/_/de bzhin lus la drod mi skyes/_/rig pa dngos su [257] snang mi nus/_/,,24786
5,29,khrid rgyab lung gi phreng ba bzhugs so:,1,klong gsal las:_de ltar ngag gnad ma gzir na:_brjod med don ni mi rtogs shing :_'khrul ba'i gtam gyis don la sgrib:_ngag gi gnad gzir mchog tu gces:_zhes so:,101,de nas ngag gnad ma gzir na/_/brjod med don ni mi rtogs shing*/_/'khrul pa'i gtam gyis don la sgrib/_/ngag gi gnad gzir mchog tu gces|_,,80125
5,29,khrid rgyab lung gi phreng ba bzhugs so:,1,klong gsal las:_sems kyi gnad nyid ma gzir na:_dbyings dang rig pa mi mthong bas:_gnad gzir gtad pa'i 'ben nyid bca':_zhes so:_,101,sems kyi gnad ni ma gzir na/_/dbyings dang rig pa mi mthong bas/_/gnad gzir stong pa'i 'ben nyid bcas/,,99086
5,29,khrid rgyab lung gi phreng ba bzhugs so:,1,klong gsal las gnad gsum sngon du ma gzir na:_mngon sum rang thog mi phebs te:_yid dpyod 'dzin dang khyad med pas:_gnad gsum btsal ba mchog tu gcesaH zhes so:,101,gnad gsum mngon du ma gzir na/_/mngon sum rang thog mi pheb ste/_/yid dpyod 'dzin dang khyad par che/_/gnad gsum rtsol ba mchog tu gces/,,41720
5,29,khrid rgyab lung gi phreng ba bzhugs so:,1,klong gsal las:_ye shes 'char ba'i sgo ni mig:'char gnad phab bzlog zur la mnan:_ces so:_,101,ye shes 'char ba'i sgo ni mig_/'char gAnd phab bzlog zur la gnod/_/rkyen bral gsum la 'char bar 'gyur/_/,,70722
5,29,khrid rgyab lung gi phreng ba bzhugs so:,1,klong gsal las:_rkyen bral gsum la gsal bar 'gyur:_zhes pas:_,101,rkyen bral gsum la 'char bar 'gyur/,,88552
5,29,khrid rgyab lung gi phreng ba bzhugs so:,1,klong gsal las:_phyi nang rlung ni dal zhing mnyam:_yid tsam phyi ru 'dur ba yis:_rlung ni 'gro 'ong 'chad par 'gyur:_zhes so:,101,phyi nang rlung ni dal zhing snyoms/_/yid tsam phyi ru 'dur ba yis/_/rlung gi 'gro 'ong chad par 'gyur/_/,,97279
5,29,khrid rgyab lung gi phreng ba bzhugs so:,1,klong gsal las:_rig gnad lug rgyud btson du bzung :_dngos snang dal ba nyid kyi rten:_ces so:,101,rig gnad lug rgyud btson du bzung /_/dngos snang dal ba nyid kyi rten/,,72563
5,29,khrid rgyab lung gi phreng ba bzhugs so:,1,klong gsal las:_gnad gsum bstun par ma byas na:_rig pa'i don la reg mi 'gyur:_ces so:_,101,gnad gsum bstun par ma byas na/_/rig pa'i don la reg mi 'gyur/,,52580
5,29,khrid rgyab lung gi phreng ba bzhugs so:,1,klong gsal las:_snang bzhi'i 'char tshul ma shes na:_sa zin med pa'i skyon nyid 'gyur:_snang ba bzhi ru shes par bya:_zhes so:,101,snang bzhi 'char tshul ma shes na/_/sa zin med pa'i skyon 'byung bas/_/snang ba bzhi [258] ru shes par bya/_/,,87389
5,29,khrid rgyab lung gi phreng ba bzhugs so:,1,:_klong gsal las:_rkyen bral mkha' la bla ma yis: gzigs stangs gcun zhing ngo sprad pas:_dbang po'i sgo la sgron ma ni:_'ja' 'am rma bya'i mdongs lta bu:_thig le lug rgyud 'brel ba la:_'gul 'phrig 'gyu ba'i rnam par 'byung :_zhes pa dang :,101,rkyen bral mkha' la bla ma'i/_/gzigs stangs gcun zhing ngo sprad pas/_/dbang po'i sgo la sgron ma ni/_/'ja' 'am rma bya'i mdongs lta bu/_/thig le lug rgyud 'grel pa la/_/'gul 'phrig rgyu ba'i rnam pa'o/,,52198
5,29,khrid rgyab lung gi phreng ba bzhugs so:,1,klong gsal las:_de ltar gsal ba'i dbyings rig ni:_nyi ma'i 'od kyi tshul du gnas:_zhes so:_,101,de ltar gsal ba'i dbyings rig ni/_/nyi ma 'od kyi tshul du gnas/,,73713
5,29,khrid rgyab lung gi phreng ba bzhugs so:,1,klong gsal las:_rig pa mngon sum mthong ba ni:_bden pa mthong ba'i gnad kyis su:_khams gsum ldog pa ma yin no: zhes so:_,101,rig pa_mngon sum mthong ba ni/_/bden pa mthong ba'i gnad kyis ni/_/khams gsum bzlog pa ma yin no/_/,,11898
5,29,khrid rgyab lung gi phreng ba bzhugs so:,1,klong gsal las:_de ltar gsal ba'i dbyings rig ni:_nyi ma'i 'od kyi tshul du gnas:_zhes so:,101,de ltar gsal ba'i dbyings rig ni/_/nyi ma 'od kyi tshul du gnas/,,90578
5,29,khrid rgyab lung gi phreng ba bzhugs so:,1,klong gsal las:_gong du 'phel ba'i snang ba yis: nyams kyi 'phel ba shan dbye ba:_ces so:_,101,gong du 'phel ba'i snang ba'i/_/nyams kyi 'phel shan dbye ba gces/_/,,51351
5,29,khrid rgyab lung gi phreng ba bzhugs so:,1,klong gsal lasaH: nyams snang gong du 'phel ba ni:_'od ni sna tshogs 'gyur 'phel dang :_thig le 'phel zhing rig brtan tshad:_sa bon 'bras bu'i bar bzhin 'byung :_zhes so:_,101,nyams snang gong du 'phel ba yis/_'od zer sna tshogs 'gyur 'phel dang //thig le 'phel zhing rig rten tshad/_/sa bon 'bras bu'i bar bzhin 'byung /_/,,96841
5,29,khrid rgyab lung gi phreng ba bzhugs so:,1,klong gsal las: mtha' rten man ngag rnam pa bzhi:_gong ma'i rgyab tu med thabs med:_ces so:_,101,tha' rten man ngag rnam pa bzhis/_/gong ma'i rgyab tu med thabs med/_/,,24190
5,29,khrid rgyab lung gi phreng ba bzhugs so:,1,klong gsal las:_yid bzhin nor bu'i gsang rgyud 'di:_las can cig dang ma 'ongs 'phrad:_ces so:,101,yid bzhin nor bu'i gsang rgyud 'di/_/ma 'ongs las can rnams dang 'phrad/_/ces gsungs so/,,69889
5,32,snying thig chen mo'i rgyab chos kyi rtsa ba bdog go,2,rgya gar skad du:_DAk+ki ni tsit+ta ma kri:_bod skad du:_mkha' 'gro snying thig ces bya ba:_kun tu bzang mo bya bral ngang la phyag 'tshal lo:_ye shes brdal khyab chos kyi pho brang du:_cir yang ma grub chos dbyings gsal ba'i yum: kun tu bzang mo rigs lnga'i mkha' 'gro dang :_DAk+ki grangs las 'das pa'i 'khor tshogs la:_kun tu bzang mo klong gsal nyi ma'i rgyud bshad de:_brgyud nas shrI sing ha yis:_'di rgyud bcu bdun rdzogs par bdag la gtad:_,,,,63577
5,32,snying thig chen mo'i rgyab chos kyi rtsa ba bdog go,0,klong gsal las:_ma grub thog ma'i gong dag nas:_kun khyab ye shes gnas pa la: 'khrul med 'khrul dang gnas pa'i tshul:_lam dang 'char sgo yul la gsal: nyams len gong 'phel grol ba'i rtags:_rkyen gyi bar chad ci lta bu:_zhes,,,,68709
5,32,snying thig chen mo'i rgyab chos kyi rtsa ba bdog go,0,klong gsal las: thog mtha' ka dag gsal stong khyab:_ces pa dang :_,,,,38255
5,32,snying thig chen mo'i rgyab chos kyi rtsa ba bdog go,0,de yang klong gsal las:_ye shes nyid las ma rig 'khrul: ces so:_,,,,99035
5,32,snying thig chen mo'i rgyab chos kyi rtsa ba bdog go,0,de yang klong gsal las:_ye shes gsal ba'i yul drug la:_gnyis 'dzin sems de byung ba'o:_zhes so:,,,,77377
5,32,snying thig chen mo'i rgyab chos kyi rtsa ba bdog go,0,klong gsal las:_ye shes ma rig yul du bzung :_der 'dzin rlung sems 'dus pa las:_'byung ba lnga yi dbus su tshud:_ces so:_,,,,61131
5,32,snying thig chen mo'i rgyab chos kyi rtsa ba bdog go,0,klong gsal las:_zhugs nas don de sprul pa'i sku:_zhes so:,,,,56929
5,32,snying thig chen mo'i rgyab chos kyi rtsa ba bdog go,0,klong gsal las:_gzung 'dzin sred pa sbyor mtshams su:_lte ba'i gru gsum rtsa mdud duH:_rlung sems thig le rnam par phra:_mu tig rnam pa lta bu ru:_mer nur gor dang rus sbal ltar:_lte ba dag nas 'byung bzhi bskyed:_ces so:,,,,67239
5,32,snying thig chen mo'i rgyab chos kyi rtsa ba bdog go,0,klong gsal las:_ye shes rlung de kun la khyab:_ces so:,,,,66330
5,32,snying thig chen mo'i rgyab chos kyi rtsa ba bdog go,0,klong gsal las:_ye shes rtsal gyis lus grub pas:_rtsa grub de la thig les khyab:_rgyu yi thig le yi ger gnas: de la sku dang ye shes kyi:_thig le dag tu gnas pa'o:_,,,,70219
5,32,snying thig chen mo'i rgyab chos kyi rtsa ba bdog go,0,klong gsal las:_thog ma'i ka dag ye shes lnga:_de la dbyer med sku lnga ste:_de gsal 'od lnga de yul lnga:_rlung lnga bskyod pa'i 'byung ba lnga: 'byung lnga de ni dngas ma lnga:_de la phung po'i dngas ma lnga:_yi ge mkha' 'gro shes rab lnga:_zhes so:_,,,,79867
5,32,snying thig chen mo'i rgyab chos kyi rtsa ba bdog go,0,klong gsal las:_thog mtha' bar gsum sangs rgyas kyi dgongs pa sku gsum ye shes lnga'i bdag nyid du 'khrul dang 'khrul med par bstan pa'o:,,,,86646
5,32,snying thig chen mo'i rgyab chos kyi rtsa ba bdog go,0,klong gsal las lus la ye shes kun khyab kyang :_rtsa lnga'i dbus na dngas ma yi:_thig le thabs dang shes rab tshul: lngar gnas khyad par tsit+ta'i nang :_dar dkar rtsa yi 'brel thag la:_ye shes mig gi tshul du gnas:_zhes so:_,,,,84306
5,32,snying thig chen mo'i rgyab chos kyi rtsa ba bdog go,0,klong gsal las rat+na zur brgyad snying dkyil na:_kun khyab ye shes ngo bo ni:_sa bon yi ge'i tshul du gnas: zhes so:_,,,,13796
5,32,snying thig chen mo'i rgyab chos kyi rtsa ba bdog go,0,klong gsal las:_ye shes ma rig 'khrul pa las:_'byung bzhi'i dngas ma ye shes 'dres:_ngar 'dzin rkyen gyis sha lus grub:_ye shes tsit+ta'i snying nang du: thig le dag dang mnyam du gnas:_rtsa sgor gsal tsam ma yin par:_nang gsal sha khrag rgya yis gtums:_rtsa la gnas pa'i ye shes de:_rkyen gyis nyams su blangs pas na:_lhag med dag tu mya ngan 'da':_zhes so:,,,,65785
5,32,snying thig chen mo'i rgyab chos kyi rtsa ba bdog go,0,klong gsal las:_ye shes snying gi dkyil na gnas:_dar dkar skud pa lta bu yi:_rtsa yi lam la snang bar byed:_ces so:,,,,87657
5,32,snying thig chen mo'i rgyab chos kyi rtsa ba bdog go,1,da sgo la snang ba'i rig pa de:_yul gar gsal ba ni:_klong gsal las:_rkyen bral gsum la gsal bar 'gyur:_zhes pas:,17,yul mkha' rkyen dang bral ba dang /_/gnas nyid rkyen dang bral ba'o/_/rkyen bral gsum las 'char bar 'gyur,,56401
5,32,snying thig chen mo'i rgyab chos kyi rtsa ba bdog go,0,klong gsal las:_rig pa ye shes lu gu rgyud:_ye nas gzhi la gnas mod kyang :_bar du rkyen med rkyen gyis bsal:_ces pas:,,,,18212
5,32,snying thig chen mo'i rgyab chos kyi rtsa ba bdog go,0,klong gsal las:_mtshan nyid ldan pa'i slob ma la: mtshan nyid ldan pa'i bla ma yis:_dbang gis smin par byas nas su:_dben pa'i gnas su bya ba btang :_rkyen bral bzhi yi yul la ni:_mi 'gul gsum gyis nyams su blang :_zhes pas:,,,,43678
5,32,snying thig chen mo'i rgyab chos kyi rtsa ba bdog go,0,klong gsal las:_'od lnga'i snang ba bar dor 'char:_de nyid ngo shes zug rngu bral:_rig pa rdo rje lu gu rgyudaH: mthong ba tsam gyis shes pa dang :_shes pa tsam gyis grol bar 'gyur:_ces so:_,,,,93794
5,32,"snying thig chen mo'i rgyab chos kyi rtsa ba bdog go
",2,kun tu bzang po klong gsal nyi ma'i rgyud bcu bdun rgyud dang bcas pa gsungs:,,,,55069
5,33,snying thig gsang ba'i yang bcud snying po gsal ba'i me long,1,klong gsal las: ston pa thugs rje chen po yis:_'dul byed theg pa mang gsungs kyang :_yang gsang rdzogs pa chen por 'dus:_zhes so:,18,ston pa thugs rje chen po yis/_/gdul byed theg pa mang gsung yang /_/yang gsang rdzogs [61] pa chen por 'dus/_/,,70978
5,33,snying thig gsang ba'i yang bcud snying po gsal ba'i me long,1,klong gsal las:_ngo bo ka dag ye shes ni: ma rig rtog pa kun dang bral:_rang bzhin lhun grub ye shes ni:_stong gsal rang mdangs nyid du gnas:_thugs rje kun khyab ye shes ni:_'gag med snang stong gnyis su gnas:_zhes pa dang :_,18,ngo bo ka dag ye shes te/_/ma rig rtog pa kun dang bral/_/rang bzhin lhun grub ye shes ni|_|stong gsal rang mdangs nyid du gnas/_/thugs rje kun khyab ye shes ni/_/'gag med stong pa nyid du gnas/_/,,39988
5,33,snying thig gsang ba'i yang bcud snying po gsal ba'i me long,1,klong gsal las:_dang por ma rig dug las byung :_zhes pas:_,18,dang po ma rig drug las byung /,,42990
5,33,snying thig gsang ba'i yang bcud snying po gsal ba'i me long,1,klong gsal las:_thog ma'i rig rtsal ye shes lnga:_ma rig 'khrul pas 'byung bar grub:_des na lus 'di sangs rgyas dngos:_ye shes chen po'i 'byung gnas nyid:_lus can kun la bzang ngan med:_bde gshegs ngo bo 'gro kun la:_til la maRa bzhin khyab par gnas:_ma rig grol tshe 'byung ba'i lus:_lhag med ye shes ngang du ldog:_ces pas:_,18,thog ma'i rig rtsal ye shes lnga/_/ma rig 'khrul pa 'byung bar 'gyur/_/de ltar lus ni sangs rgyas dngos/_/ye shes chen po'i 'byung gnas nyid/_/lus can kun la bzang ngan med/_/bder gshegs ngo bo 'gro kun la/til la mar gyi khyab bzhin gnas/_/ma rig grol tshe 'byung ba'i dus/_/lhag med ye shes ngang du bzlog_/,,84732
5,33,snying thig gsang ba'i yang bcud snying po gsal ba'i me long,1,klong gsal las:_sems can kun rig dri ma med:_phung po 'byung ba yab yum lnga:_rtsa khams skye mched sems dpa'i tshogs:_srid gsum dkyil 'khor rang lus rdzogs:_zhes pa dang :,18,sems can kun rig dri ma med/_/phung po 'byung ba yab yum lnga/_/rtsa khams skye mched lha'i tshogs/_/srid gsum dkyil 'khor rang lus rdzogs/_/,,93591
5,33,snying thig gsang ba'i yang bcud snying po gsal ba'i me long,1,klong gsal las:_mngal zhugs 'byung ba lnga ldan te:_zla ba bcu ni sa bcu'i tshul:_skyes pa rang bzhin sprul pa'i sku:_lhun grub sku gsum bdag nyid do:_zhes so:,18,mngal zhugs byang chub rnam lnga ste/_/zla_rgyu ba dgu ni sa bcu'i tshul/_/skyes pa rang bzhin sprul pa'i sku/_/lhun grub sku gsum bdag nyid do/_/,,41423
5,33,snying thig gsang ba'i yang bcud snying po gsal ba'i me long,1,klong gsal las:_rang byung rig pa'i rang rtsal las:_sku lnga dang ni ye shes lnga:_rigs lnga 'od lnga rlung lnga ni:_shes rab lnga la sogs par gnas:_zhes pas:_,18,rang byung rig pa'i rang rtsal las/_/sku lnga dang ni ye shes lnga/_/rigs lnga 'od lnga rlung ni lnga/_/shes rab lnga la sogs par gnas/_/,,35381
5,33,snying thig gsang ba'i yang bcud snying po gsal ba'i me long,1,klong gsal las:_rig pa'i yon tan 'od lngar gsal:_ces so:_yang rang gi rig pa nyid rlung lnga ltar 'byung ste:,18,rig pa'i yon tan 'od lngar gsal/,,32324
5,33,snying thig gsang ba'i yang bcud snying po gsal ba'i me long,1,klong gsal las:_rig pa'i rtsal las ye shes gsum:_ngo bo stong pa'i ye shes dang :_rang bzhin gsal ba'i ye shes dang :_thugs rje kun khyab ye shes so:_zhes so:_,18,rig pa'i rtsal la ye shes gsum/_/ngo bo stong pa'i ye shes dang /_/rang bzhin gsal ba'i ye shes dang /_/thugs rje kun khyab ye shes gsum/_/,,49720
5,33,snying thig gsang ba'i yang bcud snying po gsal ba'i me long,1,klong gsal las: dmigs su med pa chos sku'i 'od:_ma 'gags gsal ba longs sku'i 'od: snang ba sna tshogs sprul sku'i 'od:_ces so:_,18,dmigs su med pa chos sku'i 'od// [67] ma 'gags gsal ba longs sku'i 'od/_/snang ba sna tshogs sprul pa'i sku/_/,,71196
5,33,snying thig gsang ba'i yang bcud snying po gsal ba'i me long,1,klong gsal las:_sems ni dran tsam rig pa'i rtsal:_snang shes dag tu gyur tshad kun:_rig pa nyid las logs pa med:_ces so:,18,sems ni dran sems rig pa'i rtsal/_/snang shes dag tu 'gyur tshad kun/_/rig pa nyid ni log na med/_/,,78582
5,33,snying thig gsang ba'i yang bcud snying po gsal ba'i me long,1,klong gsal las:_snying dang rtsa dang dung khang dang :_mig dang bzhi yi gzhal yas na:_ye shes chen po de na gnas: zhes pa dang :_,18,snying dang rtsa dang dung khang dang /_/mig dang bzhi'i gzhal yas khang na/_/ye shes chen po de na gnas/_,,75671
5,33,snying thig gsang ba'i yang bcud snying po gsal ba'i me long,1,klong gsal las:_sems can kun gyi lus kyi nang :_tsit+ta dung khang rtsa nang sgo:_de ni rig pa'i gnas yin no:_zhes pa dang :,18,sems can kun gyi lus kyi nang /_/tsit+ta rtsa nang dung khang sgo/_/de ni rig pa'i gnas yin no/_/,,67546
5,33,snying thig gsang ba'i yang bcud snying po gsal ba'i me long,1,klong gsal las:_rin chen lus kyi gnas de na:_ngo bo stong gsal sku ru gnas:_rang bzhin gsal stong ti la 'od:_thugs rjes snang stong sgron mar gnas:_zhes pas,18,rin chen lus kyi gnas de na/_/ngo bo stong gsal sku ru gnas/_/rang bzhin gsal stong de la 'od/_/thugs rje sna tshogs sgron mar gnas|_|,,69812
5,33,snying thig gsang ba'i yang bcud snying po gsal ba'i me long,1,klong gsal las:_rang rig ngo bo skur gnas te:_gsal la rang bzhin ma grub pa:_snying nang yab yum zhi ba'i tshul:_dung_ khang khro bo'i tshul du gnas:_zhes pa dang :,18,rang rig ngo bo skur gnas te/_/gsal la rang bzhin lhun grub pas/_/snying nang yab yum zhi ba'i tshul/_/dung khang khro bo'i tshul du gnas/_,,60212
5,33,snying thig gsang ba'i yang bcud snying po gsal ba'i me long,1,klong gsal las:_lus la gnas pa'i rig pa yang :_phyi ltar zhi khro'i rang bzhin la:_nang ltar DAk+ki yab yum mo:_zhes so,18,lus la gnas pa'i rim pa _ma yang |_|phyi ltar zhi khro'i rang bzhin las/_/nang ltar d+hA ki yab yum mo/_/,,16404
5,33,snying thig gsang ba'i yang bcud snying po gsal ba'i me long,1,klong gsal las:_rig pa'i sku yi rang mdangs ni:_rtsa yi nang na thig le dang :_'od zer lta bur gnas pa 'o:_zhes so:,18,rig pa sku'i rang mdangs las/_/rtsa'i nang na thig le dang /_'od zer lta bur gnas pa'o/,,21435
5,33,snying thig gsang ba'i yang bcud snying po gsal ba'i me long,1,klong gsal las:_rig pa sku yi rang mdangs 'od:_rtsa yi nang na nyi zer bzhin: dbang po'i sgo la nges thon te:_thugs rje'i sgron ma nam mkha'i mthongs su gsal:_ces so:_,18,rig pa sku'i rang mdangs las/_/rtsa'i nang na thig le dang /_'od zer lta bur gnas pa'o/,,80223
5,33,snying thig gsang ba'i yang bcud snying po gsal ba'i me long,1,klong gsal las:_rig pa'i sku ni bum sku 'dra:_ye shes bum pa'i mar me 'dra:_thugs rje me long dngos ltar gsal:_longs spyod sku la sku gsung thugs:_yon tan dang ni phrin las sogs:_sku ni snang la rang bzhin med: ces so:,18,rig pa'i sku ni bum sku 'dra/_/ye shes bum pa'i mar me 'dra/_/thugs rje me long ngos ltar gsal/_/longs spyod sku la sku gsung thugs/_/yon tan dang ni phrin las so/_/sku ni snang la rang bzhin med/_/,,43991
5,33,snying thig gsang ba'i yang bcud snying po gsal ba'i me long,1,klong gsal las:_'khor lo lnga yi dbus dag na:_ro ma rkyang ma kun d+haRa maH dbang po'i sgo la zug par gnas:_zhes so:_,31,khor lo lnga po de'i dbus/_/ro rkyang dbu ma gsum po ni/_/ka ba'i tshul du drang por gnas/_,,99160
5,33,snying thig gsang ba'i yang bcud snying po gsal ba'i me long,1,klong gsal las:_rtsa yi gtso bo gsum las ni:_yal ga grangs las 'das pa gyes:_thad sor dbang po'i sgo rten byed:de yis chos kun ston par byed:_khyad par tsit+ta nas 'brel ba'i:_dar skud ba men rwa yi kha:_dbang po'i mig la zug pa ste:_de ni chos nyid kun gyi lam: zhes so:_,18,rtsa'i gtso bo gsum la ni/_/yal ga grangs las 'das pa gyes/_/thad so dbang po'i sgo don byed/_/de'i chos kun ston byed cing /_/khyad par tsit+ta nas [69] 'brel ba'i/_/dar skud ba man rwa 'dra'i kha/_/dbang po'i sgo la zug pa ste/_/de ni chos nyid kun gyi lam/_/,,97365
5,33,snying thig gsang ba'i yang bcud snying po gsal ba'i me long,1,klong gsal las:_yid dpyod tshig phyir ma lus par:_mngon sum 'char ba'i sgo ni mig:_gzhan la de ltar ma yin no:_zhes so:,18,yid dpyod tshig phyir ma lus pa/_/mngon sum 'char ba'i sgo ni mig_/gzhan la de lta ma yin no/_,,91153
5,33,snying thig gsang ba'i yang bcud snying po gsal ba'i me long,1,klong gsal las: rkyen bral gsum la 'char bar 'gyur:_ces pa dang :_,18,rkyen bral gsum las 'char bar 'gyur/_/,,40142
5,33,snying thig gsang ba'i yang bcud snying po gsal ba'i me long,1,klong gsal las:_de ltar bla mas ngo sprad pas:_rgyangs zhags las ni sgron ma shar:_yul snang rang mdangs nyid du gsal:_de nyid shes rab sgron ma yis:_yid dpyod theg pa'i sgro 'dogs chod:_dngos su thig le sgron mar shar:_'khor 'das zang thal nyid du chodaH:_rnam dag dbyings kyi sgron ma yis:_nyams kyi snang ba gong 'phel lo:_zhes pa dang :,18,de ltar bla mas ngo sprod pas/_/rgyang zhag las ni sgron ma shar/_/yul snang rang mdangs nyid du gsal/_/de nyid shes rab sgron ma yin/_/yid dpyod theg pa sgro 'dog chod/_/dngos su thig le sgron ma shar/_/'khor 'das zang thal nyid du chod/_/rnam dag dbyings kyi sgron ma yin/_/nyams kyi snang ba gong 'phel lo/_,,54260
5,33,snying thig gsang ba'i yang bcud snying po gsal ba'i me long,1,klong gsal las:_yul du sgron ma dag la ni:_lam snang rig pa lu gu rgyud:_lam snang lhun grub rig mdangs lnga:_lam snang thugs rje dbang por gsal:_ces pa dang :,18,yul du sgron ma dag la ni/_/lam snang rig pa lu gu rgyud/_/lam snang lhun grub rig mdangs lnga/_/lam snang thugs rjes dbang po gsal/_/,,98586
5,33,snying thig gsang ba'i yang bcud snying po gsal ba'i me long,1,klong gsal las: bden pa mthong ba'i gang zag gis:_dang po'i sa nas bcu drug bar:_rim par nyams su blangs pas byung :_gzhan dang sgo bstun gnas skabs kyi:_yon tan 'bras bu'i thob tshul lo:_zhes so:,18,bden pa mthong ba'i gang zag gis/_/dang po'i sa nas bcu drug bar/_/rim par nyams su blang bas 'byung /_/gzhan dang sgo bstun gnas skabs su/_/yon tan 'bras bu'i thob tshul lo/_/,,21721
5,33,snying thig gsang ba'i yang bcud snying po gsal ba'i me long,1,de yang klong gsal las:_ngo bo stong gsal ye shes sku:_rang bzhin thugs rje phyogs ris med:_dbyer med chen por ye sangs rgyas:_zhes dang :,18,ngo bo stong gsal ye shes sku/_/ [72]rang bzhin thugs rje phyogs ris med/_/dbyer med chen por ye sangs rgyas/_/,,22992
5,33,snying thig gsang ba'i yang bcud snying po gsal ba'i me long,2,e ma mkhas pa shrI seng ha yis:_mkha' 'gro klong gsal nyi ma'i rgyud:_bcu bdun rgyud rnams bdag la gtad:_g.ya' ri gong gi brag phug tu:_tshe yi rig 'dzin bsgrubs shing bsgoms:_spros med mya ngan 'da' don du:_rgyud kyi khong snying gdams pa phyung :_ye shes mtsho rgyal nyid la gtad: gzhan yang rgyal po la sogs pa:_skal ldan slob bu mang lags kyang :_'di nyid tshig tsam brjod pa med:_bi ma mi tra 'byon dgongs nas:_bco brgyad rgyud dang gdams par bcas:_ma 'ongs skal ldan don du ni:_bum thang seng ge'i brag la sbas:_snyigs mar 'gro don rgya chen 'byung :_,,,,36747
5,34,rnal 'byor bzhi las lta ba'i rnal 'byor,0,klong gsal las:_phyi nang gsang ba thams cad kyang :_ngo bo nyid du mthong zhing rtogs:_zhes so:,,,,32810
5,35,thun bzhi'i rnal 'byor las sgom pa'i rnal 'byor,0,klong gsal las:_sgom gyi ngo bo gsum yin te:_bsgom bya sgom byed thabs kyi bsgom:_zhes so:,,,,45076
5,38,zhal gdams gsang ba'i dum bu,2,rigs bzhi'i mkha' 'gro ma mo 'khor bcas la:_khyad du 'phags pa klong gsal nyi ma'i rgyud:_bshad de brgyud nas shrI seng ha yis:_'di rgyud bcu bdun bcas pa bdag la gtad: !,,,,28703
5,38,zhal gdams gsang ba'i dum bu,0,klong gsal las:_ye shes nyid las ma rig 'khrul:_ces pas:_,,,,10680
5,38,zhal gdams gsang ba'i dum bu,0,klong gsal las:_lhun grub gdangs la rig 'dzin 'thas:_de las 'byung ba lnga ru grub:_de yang rig rtsal khyab pa'i phyir:_so so'i byed las rtsal dang ldan:_ces so:,,,,39921
5,38,zhal gdams gsang ba'i dum bu,0,klong gsal las_zhugs nas don te sprul pa'i sku:_zhes so:,,,,18734
5,38,zhal gdams gsang ba'i dum bu,0,klong gsal las:_thog ma'i gzhi las 'khrul pa'i rtsal: 'byung ba 'dus pa'i dkyil 'khor ni:_rtsa rlung dngas ma dbyer med las: rgyal ba'i sa bon yi ger gnas:_'khor lo lnga la sdewayab yum tshul:_rtsa gsum ro ma rkyang ma kun d+haRa ma las ni sku gsum nyid:_phyi ltar phung po lnga 'du shes 'du byed tshor ba gzugs rnam par shes pa lnga nyid la:_nang ltar nyon mongs dug lnga 'o:_gsang ba ltar na sku lnga ste:_yang gsang ye shes lnga nyid do:_phyi ltar 'byung ba lnga nyid la: nang ltar yum chen lnga nyid do:_gsang ba ltar na mkha' 'gro lnga:_yang gsang shes rab lnga nyid do:_phyi ltar 'khor lo lnga nyid la:_nang ltar thig le 'byung ba'i dngas ma lnga yin te:_gsang ba yi ge mahrIHharI ni salnga yin te:_yang gsang DAk+ki sde lnga'o:_rtsa khams thamasacad dpa' bo dang :_mkha' 'gro yab yum rgyal ba'i zhing :_lus 'di rgyal ba'i dkyil 'khor dngos:_zhes pas:_,,,,83881
5,38,zhal gdams gsang ba'i dum bu,0,klong gsal las:_sangs rgyas DAk+ki'i zhing khams su:_pad+ma DAk+ki'i me long la: rin chen DAk+ki'i sgo phye ste:_sgo la las kyi DAk+ki 'byon:_rdo rje DAk+ki chos dbyings mngon sum ston:_zhes so:_,,,,33964
5,38,zhal gdams gsang ba'i dum bu,0,klong gsal las:_dang po 'od las 'byung bar 'khrul:_'khrul pas snod bcud gzugs su grub:_da ni rig pas 'khrul pa dag:_'byung ba ye shes ngang du dngas:_lhag med nyid du bud+d+ha 'o:_gzhan la de ltar ma yin no:_zhes so:,,,,79671
5,39,gnad kyi gdams pa lnga pa,1,klong gsal rgyud dag las:_phyi nang gsang ba la sogs pa: dar gud 'pho 'gyur 'byung ba'i las:_zhes pas:_,99,phyi nang gsang ba la sogs pa'i/_/dar rgud 'pho 'gyur 'byung ba'i las/,,64512
5,40,DAk+ki'i lam 'bras kyi skor,0,klong gsal las:_mtshan dang ldan pa'i rig ma dgos:_mtshan ngan 'phrad na dmyal bar ltung :_de phyir brtag pa'i thabs bstan no:_zhes pas:,,,,41438
5,41,zhal gdams gnad kyi phreng ba,1,kun tu bzang mo klong gsal nyi ma'i rgyud las:_rtsa zhig rtsa zha rtsa rgud gsum:_bde ba med pas spang bar bya:_zhes pas:,99,rtsa zhig rtsa zha rtsa rgud gsum/_/bde ba med pas spang bar bya/,,65581
5,41,zhal gdams gnad kyi phreng ba,1,de yang klong gsal las:_phyi nang gsang ba'i rtags tshang zhing :_dri zhim skad snyan yid 'ong mdzes:_bde ba'i mdangs ldan chos la mos:_gsang thub shes rab che ba 'o:_zhes so:,99,phyi nang gsang ba'i rtags tshangs zhing /_/dri zhim yid 'ong skad snyan mdzes/_/bde ba'i mdangs ldan chos la mos/_/,,92107
5,41,zhal gdams gnad kyi phreng ba,0,de yang klong gsal le'u brgyad pa nas:_skyon spang yon tan ldan pa brten:_'bras bu gnas skabs mthar thug go:_zhes so:_,,,,81530
5,41,zhal gdams gnad kyi phreng ba,1,klong gsal las:_pho nya thag ring jag pa 'dra:_zhes pas:,99,pho nya thag ring jag pa 'dra/,,43531
5,42,Dak+ki gnad thig,1,de yang klong gsal las:_phyi nang gsang ba la sogs pa:_dar gud 'pho 'gyur 'byung ba'i las:_zhes pas:,99,phyi nang gsang ba la sogs pa'i/_/dar rgud 'pho 'gyur 'byung ba'i las/_/bla ma'i zhal las shes par bya/_/,,94109
5,44,zhi ba bar do lam gyi mtshan nyid,2,bdag 'dra pad+ma 'byung gnas kyis:_klong gsal nyi ma'i rgyud dag las:_rdo rje lam gyi mtshan nyid bsdus:_rdo rje sems dpa'i gsang lam 'di:_las can cig dang 'phrad par shog:_rgya rgya rgya:_,,,,19582
5,44,zhi ba bar do lam gyi mtshan nyid,1,klong gsal las/_dus gsum sangs rgyas thams cad kyang /_/b+ha ga'i dbyings nas rang byung ste/_/chos rnams kun gyi 'byung gnas nyid/_/b+ha ga 'char bas na:_chos nyid kyi bar do zhes bya'o:_,11,dus gsum sangs rgyas thams cad kyang /_/b+ha ga'i dbyings nas rang byung te/_/chos rnams kun gyi 'byung gnas nyid/_/b+ha ga gsang sngags kun gyi gnas/_/bde chen ye shes 'byung ba yin/,,21615
5,45,khro bo bar do gnad kyi sgron ma,0,bar do'i spyi bzhag la bzhi ste:_klong gsal nyi ma'i rgyud dag las:_bar do'i dbye ba sa mtshams dang :_gnas lugs snang lugs bzhi nyid do:_zhes so:,,,,52676
5,45,khro bo bar do gnad kyi sgron ma,0,klong gsal las:_'chi rkyen nad kyis 'byung ba 'khrugs:_lus ngag yid la sdug bsngal lo:_zhes pas:_,,,,33660
5,45,khro bo bar do gnad kyi sgron ma,0,klong gsal las:_bdag 'dzin lus kyi rten bor nas:_chos nyid don la spyod pa'o:_zhes pas:,,,,98131
5,45,khro bo bar do gnad kyi sgron ma,0,_klong gsal las:_bar do'i gnas lugs rnam pa bzhi:_rigs drug snang tshul so sor snang :_sdug bsngal ye shes phyad phyod nyid: ces so:_,,,,77634
5,45,khro bo bar do gnad kyi sgron ma,0,klong gsal las:_de tshe sgra 'od zer dang 'khrigs:_sku yi snang bas skrag par byed:_ces pas skad cig ma de la lus bor ba'i gnad kyis:,,,,61185
5,45,khro bo bar do gnad kyi sgron ma,0,klong gsal las:_de ltar snang ba de dag la:_rigs lnga yab yum tshom bur gsal:_dpag med grangs las 'das pa la:_kha dog phyag rgya rgyan dang ldan:_gdan khri bzhugs tshul cha mnyam pa:_lnga lnga'i tshul du mthud 'od kyis bskor:_yab yum so so'i cha 'dzin pa:_sems dpa' dang ni sems mar bcas:_dkyil 'khor gcig rdzogs nyid du 'char:_ces so:,,,,70958
5,45,khro bo bar do gnad kyi sgron ma,0,klong gsal las:_de tshe rang gi snying ga nas:_zer thag 'od kyi lu gu rgyud:_tshom bu'i thugs kar 'brel ba la:_de dag thig les rab brgyan pas:_shes pa zin pas bsam gtan skye:_zhes so:,,,,57707
5,45,khro bo bar do gnad kyi sgron ma,0,snga ma klong gsal las las:_de nas rang gi snying ga nas:_'od zer tshon skud sgril ba gcig:_tshom bu'i thugs kaRa 'brel bar snang :_de nas tshom bu'i sku de rnams:_rang la thim snyam snang ba 'char:_ces so:_,,,,71757
5,45,khro bo bar do gnad kyi sgron ma,0,klong gsal las:_'di nyid sprul pa'i zhing khams su:_rigs kyi bdag po rnam pa lngas:byin brlabs dbang bskur lung bstan nas:_las zad 'dzin pa dag 'gyur te:_bar do med par sangs rgya 'o:_zhes so:,,,,45969
5,46,bar do'i gdams pa 'byung ba 'dus pa 'bral ba rtags kyi rim pa,0,klong gsal las: 'degs byed don gyi rlung bros pas:_lus ni mi theg sgyid pa skyur:_yan lag mi 'dus smra ba dka':_mig ldog dbugs ni phyi ru phul:_bkrag mdangs bskyed pa'i rlung bros pas:_lus ham kha snar bal dud chags:_sha tsha kha skam gshin dri mnam:_dngas snyigs 'byed pa'i rlung brosapas:_bza' btung mi len lus stobs shor:_me dngamanyam pa'i rlung bros pas:_lus kyi drod ni mtha' nas 'chor:_bskal pa las kyi rlung bros pas:_lus la za zi phyad phyod lang :_rtsa phran khrag ni srog rtsar 'du:_zhes so:_,,,,35191
5,50,od gsal bzhugs so,2,bdag 'dra pad+ma 'byung gnas kyis: gang zag las can don du ni:_klong gsal nyi ma'i tan tra las:_steng sgo 'og sgo bar sgo dang :_bar do 'od gsal 'pho ba rmi lam gyis:_tshe 'dir sangs rgyas thob bya'i phyir:_yang zab gnad kyi gdams pa btus:_las can cig dang 'phrad par shog:,,,,45309